{
    "base": {
        "attempts": "20",
        "text-format-left": "GB Deaths<br>Room: {room:goldenDeaths}<br>Session: {chapter:goldenDeathsSession}<br>Total: {chapter:goldenDeaths}<br>Choke Rate: {room:goldenChokeRate}%<br>CP Choke Rate: {checkpoint:goldenChokeRate}%",
        "text-format-center": "{checkpoint:abbreviation}-{checkpoint:roomNumber}: {room:rate}% ({room:successes}/{room:attempts})<br>CP: {checkpoint:rate}%<br>Total: {chapter:rate}%",
        "text-format-right": "Golden Chance<br>CP: {checkpoint:goldenChance}%<br>Total: {chapter:goldenChance}%<br>Start➔Room: {run:startToRoomGoldenChance}%<br>Room➔End: {run:roomToEndGoldenChance}%",
        "text-nan-replacement": "-",
        "color": "white",
        "font-size-left": "32px",
        "font-size-center": "40px",
        "font-size-right": "25px",
        "outline-size": "10px",
        "outline-color": "black",
        "refresh-time-ms": 1000,
        "light-green-cutoff": 0.95,
        "green-cutoff": 0.8,
        "yellow-cutoff": 0.5,
        "chapter-bar-enabled": true,
        "font-family": "Renogare",
        "golden-chance-decimals": 4,
        "golden-share-display-enabled": true,
        "golden-share-font-size": "28px",
        "golden-share-style-percent": false,
        "golden-share-show-current-session": true,
        "room-attempts-display-enabled": true,
        "room-attempts-font-size": "26px",
        "room-attempts-circle-size": "23px",
        "room-attempts-new-text": "New ➔",
        "room-attempts-old-text": "➔ Old",
        "tracking-disabled-message-enabled": true
    },
    "selected-override": "golden-berry-tracking-full",
    "overrides": {
        "only-room-rate": {
            "chapter-bar-enabled": false,
            "golden-share-display-enabled": false,
            "room-attempts-display-enabled": false,
            "text-format-left": "",
            "text-format-center": "{room:rate}% ({room:successes}/{room:attempts})",
            "text-format-right": ""
        },
        "only-rates": {
            "chapter-bar-enabled": false,
            "golden-share-display-enabled": false,
            "room-attempts-display-enabled": false,
            "text-format-left": "",
            "text-format-right": ""
        },
        "only-bar": {
            "chapter-bar-enabled": true,
            "golden-share-display-enabled": false,
            "room-attempts-display-enabled": false,
            "text-format-left": "",
            "text-format-center": "",
            "text-format-right": ""
        },
        "bar-and-rates": {
            "chapter-bar-enabled": true,
            "golden-share-display-enabled": false,
            "room-attempts-display-enabled": false,
            "text-format-left": "",
            "text-format-right": ""
        },
        "some-grinding-info": {
            "text-format-left": "GB Deaths Room: {room:goldenDeaths}<br>Choke Rate: {room:goldenChokeRate}%",
            "text-format-right": "",
            "room-attempts-display-enabled": false,
            "golden-share-show-current-session": false
        },
        "more-grinding-info": {
            "text-format-left": "GB Deaths<br>Room: {room:goldenDeaths}<br>Session: {chapter:goldenDeathsSession}<br><br>Room Choke Rate: {room:goldenChokeRate}%",
            "room-attempts-new-text": "➔",
            "room-attempts-old-text": "➔"
        },
        "golden-berry-tracking-simple": {
            "text-format-left": "Total GB Deaths: {chapter:goldenDeaths}",
            "text-format-center": "",
            "text-format-right": "",
            "room-attempts-display-enabled": false
        },
        "golden-berry-tracking-with-session": {
            "text-format-left": "Total Deaths: {chapter:goldenDeaths} ({chapter:goldenDeathsSession})",
            "text-format-center": "Checkpoint: {checkpoint:goldenDeaths} ({checkpoint:goldenDeathsSession})",
            "text-format-right": "Room: {room:goldenDeaths} ({room:goldenDeathsSession})",
            "room-attempts-display-enabled": false,
            "font-size-left": "30px",
            "font-size-center": "30px",
            "font-size-right": "30px"
        }
    }
}