{
  "campaignName": "Celeste",
  "chapterName": "Reflection",
  "chapterSID": "Celeste/6-Reflection",
  "sideName": "B-Side",
  "checkpoints": [
    {
      "name": "Start",
      "abbreviation": "ST",
      "roomCount": 7,
      "rooms": [
        {
          "debugRoomName": "a-00"
        },
        {
          "debugRoomName": "a-01"
        },
        {
          "debugRoomName": "a-02"
        },
        {
          "debugRoomName": "a-03"
        },
        {
          "debugRoomName": "a-04"
        },
        {
          "debugRoomName": "a-05"
        },
        {
          "debugRoomName": "a-06"
        }
      ]
    },
    {
      "name": "Reflection",
      "abbreviation": "RF",
      "roomCount": 10,
      "rooms": [
        {
          "debugRoomName": "b-00"
        },
        {
          "debugRoomName": "b-01"
        },
        {
          "debugRoomName": "b-02"
        },
        {
          "debugRoomName": "b-03"
        },
        {
          "debugRoomName": "b-04"
        },
        {
          "debugRoomName": "b-05"
        },
        {
          "debugRoomName": "b-06"
        },
        {
          "debugRoomName": "b-07"
        },
        {
          "debugRoomName": "b-08"
        },
        {
          "debugRoomName": "b-10"
        }
      ]
    },
    {
      "name": "Rock Bottom",
      "abbreviation": "RB",
      "roomCount": 5,
      "rooms": [
        {
          "debugRoomName": "c-00"
        },
        {
          "debugRoomName": "c-01"
        },
        {
          "debugRoomName": "c-02"
        },
        {
          "debugRoomName": "c-03"
        },
        {
          "debugRoomName": "c-04"
        }
      ]
    },
    {
      "name": "Reprieve",
      "abbreviation": "RP",
      "roomCount": 6,
      "rooms": [
        {
          "debugRoomName": "d-00"
        },
        {
          "debugRoomName": "d-01"
        },
        {
          "debugRoomName": "d-02"
        },
        {
          "debugRoomName": "d-03"
        },
        {
          "debugRoomName": "d-04"
        },
        {
          "debugRoomName": "d-05"
        }
      ]
    }
  ],
  "roomCount": 28
}