{
  "campaignName": "Celeste",
  "chapterName": "Core",
  "chapterSID": "Celeste/9-Core",
  "sideName": "B-Side",
  "checkpoints": [
    {
      "name": "Into the Core",
      "abbreviation": "ItC",
      "roomCount": 6,
      "rooms": [
        {
          "debugRoomName": "a-00"
        },
        {
          "debugRoomName": "a-01"
        },
        {
          "debugRoomName": "a-02"
        },
        {
          "debugRoomName": "a-03"
        },
        {
          "debugRoomName": "a-04"
        },
        {
          "debugRoomName": "a-05"
        }
      ]
    },
    {
      "name": "Burning or Freezing",
      "abbreviation": "BoF",
      "roomCount": 6,
      "rooms": [
        {
          "debugRoomName": "b-00"
        },
        {
          "debugRoomName": "b-01"
        },
        {
          "debugRoomName": "b-02"
        },
        {
          "debugRoomName": "b-03"
        },
        {
          "debugRoomName": "b-04"
        },
        {
          "debugRoomName": "b-05"
        }
      ]
    },
    {
      "name": "Heartbeat",
      "abbreviation": "HB",
      "roomCount": 9,
      "rooms": [
        {
          "debugRoomName": "c-01"
        },
        {
          "debugRoomName": "c-02"
        },
        {
          "debugRoomName": "c-03"
        },
        {
          "debugRoomName": "c-04"
        },
        {
          "debugRoomName": "c-05"
        },
        {
          "debugRoomName": "c-06"
        },
        {
          "debugRoomName": "c-08"
        },
        {
          "debugRoomName": "c-07"
        },
        {
          "debugRoomName": "space"
        }
      ]
    }
  ],
  "roomCount": 21
}