{
  "campaignName": "Celeste",
  "chapterName": "Old Site",
  "chapterSID": "Celeste/2-OldSite",
  "sideName": "B-Side",
  "checkpoints": [
    {
      "name": "Start",
      "abbreviation": "ST",
      "roomCount": 6,
      "gameplayRoomCount": 5,
      "rooms": [
        {
          "debugRoomName": "start",
          "groupedRooms": [],
          "customRoomName": null,
          "isNonGameplayRoom": true
        },
        {
          "debugRoomName": "00",
          "groupedRooms": [],
          "customRoomName": null,
          "isNonGameplayRoom": false
        },
        {
          "debugRoomName": "01",
          "groupedRooms": [],
          "customRoomName": null,
          "isNonGameplayRoom": false
        },
        {
          "debugRoomName": "01b",
          "groupedRooms": [],
          "customRoomName": null,
          "isNonGameplayRoom": false
        },
        {
          "debugRoomName": "02b",
          "groupedRooms": [],
          "customRoomName": null,
          "isNonGameplayRoom": false
        },
        {
          "debugRoomName": "02",
          "groupedRooms": [],
          "customRoomName": null,
          "isNonGameplayRoom": false
        }
      ]
    },
    {
      "name": "Combination Lock",
      "abbreviation": "CL",
      "roomCount": 5,
      "gameplayRoomCount": 5,
      "rooms": [
        {
          "debugRoomName": "03",
          "groupedRooms": [],
          "customRoomName": null,
          "isNonGameplayRoom": false
        },
        {
          "debugRoomName": "04",
          "groupedRooms": [],
          "customRoomName": null,
          "isNonGameplayRoom": false
        },
        {
          "debugRoomName": "05",
          "groupedRooms": [],
          "customRoomName": null,
          "isNonGameplayRoom": false
        },
        {
          "debugRoomName": "06",
          "groupedRooms": [],
          "customRoomName": null,
          "isNonGameplayRoom": false
        },
        {
          "debugRoomName": "07",
          "groupedRooms": [],
          "customRoomName": null,
          "isNonGameplayRoom": false
        }
      ]
    },
    {
      "name": "Dream Altar",
      "abbreviation": "DA",
      "roomCount": 6,
      "gameplayRoomCount": 6,
      "rooms": [
        {
          "debugRoomName": "08b",
          "groupedRooms": [],
          "customRoomName": null,
          "isNonGameplayRoom": false
        },
        {
          "debugRoomName": "08",
          "groupedRooms": [],
          "customRoomName": null,
          "isNonGameplayRoom": false
        },
        {
          "debugRoomName": "09",
          "groupedRooms": [],
          "customRoomName": null,
          "isNonGameplayRoom": false
        },
        {
          "debugRoomName": "10",
          "groupedRooms": [],
          "customRoomName": null,
          "isNonGameplayRoom": false
        },
        {
          "debugRoomName": "11",
          "groupedRooms": [],
          "customRoomName": null,
          "isNonGameplayRoom": false
        },
        {
          "debugRoomName": "end",
          "groupedRooms": [],
          "customRoomName": null,
          "isNonGameplayRoom": false
        }
      ]
    }
  ],
  "roomCount": 17,
  "gameplayRoomCount": 16,
  "ignoredRooms": []
}