{
  "campaignName": "Celeste",
  "chapterName": "Golden Ridge",
  "chapterSID": "Celeste/4-GoldenRidge",
  "sideName": "B-Side",
  "checkpoints": [
    {
      "name": "Start",
      "abbreviation": "ST",
      "roomCount": 5,
      "rooms": [
        {
          "debugRoomName": "a-00"
        },
        {
          "debugRoomName": "a-01"
        },
        {
          "debugRoomName": "a-02"
        },
        {
          "debugRoomName": "a-03"
        },
        {
          "debugRoomName": "a-04"
        }
      ]
    },
    {
      "name": "Stepping Stones",
      "abbreviation": "SS",
      "roomCount": 5,
      "rooms": [
        {
          "debugRoomName": "b-00"
        },
        {
          "debugRoomName": "b-01"
        },
        {
          "debugRoomName": "b-02"
        },
        {
          "debugRoomName": "b-03"
        },
        {
          "debugRoomName": "b-04"
        }
      ]
    },
    {
      "name": "Gusty Canyon",
      "abbreviation": "GC",
      "roomCount": 5,
      "rooms": [
        {
          "debugRoomName": "c-00"
        },
        {
          "debugRoomName": "c-01"
        },
        {
          "debugRoomName": "c-02"
        },
        {
          "debugRoomName": "c-03"
        },
        {
          "debugRoomName": "c-04"
        }
      ]
    },
    {
      "name": "Eye of the Storm",
      "abbreviation": "EotS",
      "roomCount": 5,
      "rooms": [
        {
          "debugRoomName": "d-00"
        },
        {
          "debugRoomName": "d-01"
        },
        {
          "debugRoomName": "d-02"
        },
        {
          "debugRoomName": "d-03"
        },
        {
          "debugRoomName": "end"
        }
      ]
    }
  ],
  "roomCount": 20
}